,author,body,created_utc,id,permalink,subreddit,created,d_
0,yoginurse26,"First of all, what the doctor told you is not true - even in the scientific community - and extremely harmful to say to a patient. People do heal. That doesn't mean they don't sometimes relapse but the goal is to get to a place where you are well enough to where you start living and thriving and how much you used to hurt won't even matter at that moment. There is so much power in thought. Actually it's based on hard science. So believe in your recovery and believing you're worthy is a first step. With depression any progress is a victory, treat that as such. And when you're tired, take a break instead of quitting. The depressed brain is extremely overactive and you have to work with it instead of against it. Rest when you're tired, but never quit.",1612069179,glg7ht4,/r/depression/comments/l93fk2/is_depression_permanent/glg7ht4/,depression,1612087179.0,"{'author': 'yoginurse26', 'body': ""First of all, what the doctor told you is not true - even in the scientific community - and extremely harmful to say to a patient. People do heal. That doesn't mean they don't sometimes relapse but the goal is to get to a place where you are well enough to where you start living and thriving and how much you used to hurt won't even matter at that moment. There is so much power in thought. Actually it's based on hard science. So believe in your recovery and believing you're worthy is a first step. With depression any progress is a victory, treat that as such. And when you're tired, take a break instead of quitting. The depressed brain is extremely overactive and you have to work with it instead of against it. Rest when you're tired, but never quit."", 'created_utc': 1612069179, 'id': 'glg7ht4', 'permalink': '/r/depression/comments/l93fk2/is_depression_permanent/glg7ht4/', 'subreddit': 'depression', 'created': 1612087179.0}"
1,tankcrusher904,"Now I'm concerned for myself. I fit both perfectly. Though I know I have social anxiety I don't know about depression
*Sips on depresso espresso from off brand coffee shop*",1612069163,glg7gxu,/r/memes/comments/l8rzee/ive_been_there/glg7gxu/,memes,1612087163.0,"{'author': 'tankcrusher904', 'body': ""Now I'm concerned for myself. I fit both perfectly. Though I know I have social anxiety I don't know about depression\n*Sips on depresso espresso from off brand coffee shop*"", 'created_utc': 1612069163, 'id': 'glg7gxu', 'permalink': '/r/memes/comments/l8rzee/ive_been_there/glg7gxu/', 'subreddit': 'memes', 'created': 1612087163.0}"
2,Strawbuddy,"Sudden lack of interest in things can be a symptom of depression, considering having a talk with your gp",1612069153,glg7gbv,/r/Stoicism/comments/l8ymlc/went_stoic_stopped_craving_peoples_attention_and/glg7gbv/,Stoicism,1612087153.0,"{'author': 'Strawbuddy', 'body': 'Sudden lack of interest in things can be a symptom of depression, considering having a talk with your gp', 'created_utc': 1612069153, 'id': 'glg7gbv', 'permalink': '/r/Stoicism/comments/l8ymlc/went_stoic_stopped_craving_peoples_attention_and/glg7gbv/', 'subreddit': 'Stoicism', 'created': 1612087153.0}"
3,CynicalCreepy,"he's borderline egomaniacal, extremely annoying, selfish, and he's a terrible representation of depression and trauma.",1612069151,glg7g7q,/r/anime/comments/l94mnd/what_is_the_anime_you_hate_the_most/glg7g7q/,anime,1612087151.0,"{'author': 'CynicalCreepy', 'body': ""he's borderline egomaniacal, extremely annoying, selfish, and he's a terrible representation of depression and trauma."", 'created_utc': 1612069151, 'id': 'glg7g7q', 'permalink': '/r/anime/comments/l94mnd/what_is_the_anime_you_hate_the_most/glg7g7q/', 'subreddit': 'anime', 'created': 1612087151.0}"
4,MikeH-127,"Dude, are you trolling? You’re getting more and more ridiculous with each comment. It’s not a medical claim... The Bible has many, many verses about anxiety, worry, fear, etc. Mental health issues such as these are often alleviated by a change in mindset. That’s because they are MENTAL issues. Cancer is not a MENTAL health issue. It’s another terrible comparison from you. You can’t cure your cancer by changing your outlook on life and putting your trust in God. But you can cure depression that way.  Again - it’s not a medical claim. It’s a Christian teaching.",1612069120,glg7eco,/r/Christianity/comments/l8osa8/is_being_transgender_a_sin_i_need_a_clear_answer/glg7eco/,Christianity,1612087120.0,"{'author': 'MikeH-127', 'body': 'Dude, are you trolling? You’re getting more and more ridiculous with each comment. It’s not a medical claim... The Bible has many, many verses about anxiety, worry, fear, etc. Mental health issues such as these are often alleviated by a change in mindset. That’s because they are MENTAL issues. Cancer is not a MENTAL health issue. It’s another terrible comparison from you. You can’t cure your cancer by changing your outlook on life and putting your trust in God. But you can cure depression that way.  Again - it’s not a medical claim. It’s a Christian teaching.', 'created_utc': 1612069120, 'id': 'glg7eco', 'permalink': '/r/Christianity/comments/l8osa8/is_being_transgender_a_sin_i_need_a_clear_answer/glg7eco/', 'subreddit': 'Christianity', 'created': 1612087120.0}"
5,AutoModerator,"Hi u/DepressThrowawaya,

Thank you for submitting a post to r/depression_help! Please remember that this is not a crisis service; if you are in urgent need of assistance then please contact the appropriate helpline.

**Suicidal?** Please submit another post over at r/SuicideWatch. We will try our best to help you here, but r/SuicideWatch may be a better option.

If you're posting about **depression, anxiety, PTSD, or anything alike**, our wholesome community will respond as soon as they can.

**Other difficulties** with your life or looking for inspiration/motivation? Please post over at r/overcoming or take a look at r/inspiration.

If you wish to speak to people in a safe, well-moderated online community, take a look at this [Discord server](https://discord.gg/JTGxsjb). It offers **1:1 support**, off-topic channels to **talk with AMAZING people**, and chats for **mental health**.

*I am a bot, and this action was performed automatically. Please [contact the moderators of this subreddit](/message/compose/?to=/r/depression_help) if you have any questions or concerns.*",1612069107,glg7dmy,/r/depression_help/comments/l950cd/hard_thoughts_and_worries_cloud_me_all_day/glg7dmy/,depression_help,1612087107.0,"{'author': 'AutoModerator', 'body': ""Hi u/DepressThrowawaya,\n\nThank you for submitting a post to r/depression_help! Please remember that this is not a crisis service; if you are in urgent need of assistance then please contact the appropriate helpline.\n\n**Suicidal?** Please submit another post over at r/SuicideWatch. We will try our best to help you here, but r/SuicideWatch may be a better option.\n\nIf you're posting about **depression, anxiety, PTSD, or anything alike**, our wholesome community will respond as soon as they can.\n\n**Other difficulties** with your life or looking for inspiration/motivation? Please post over at r/overcoming or take a look at r/inspiration.\n\nIf you wish to speak to people in a safe, well-moderated online community, take a look at this [Discord server](https://discord.gg/JTGxsjb). It offers **1:1 support**, off-topic channels to **talk with AMAZING people**, and chats for **mental health**.\n\n*I am a bot, and this action was performed automatically. Please [contact the moderators of this subreddit](/message/compose/?to=/r/depression_help) if you have any questions or concerns.*"", 'created_utc': 1612069107, 'id': 'glg7dmy', 'permalink': '/r/depression_help/comments/l950cd/hard_thoughts_and_worries_cloud_me_all_day/glg7dmy/', 'subreddit': 'depression_help', 'created': 1612087107.0}"
6,AutoModerator,"Hi u/Annual-Difficulty-86,

Thank you for submitting a post to r/depression_help! Please remember that this is not a crisis service; if you are in urgent need of assistance then please contact the appropriate helpline.

**Suicidal?** Please submit another post over at r/SuicideWatch. We will try our best to help you here, but r/SuicideWatch may be a better option.

If you're posting about **depression, anxiety, PTSD, or anything alike**, our wholesome community will respond as soon as they can.

**Other difficulties** with your life or looking for inspiration/motivation? Please post over at r/overcoming or take a look at r/inspiration.

If you wish to speak to people in a safe, well-moderated online community, take a look at this [Discord server](https://discord.gg/JTGxsjb). It offers **1:1 support**, off-topic channels to **talk with AMAZING people**, and chats for **mental health**.

*I am a bot, and this action was performed automatically. Please [contact the moderators of this subreddit](/message/compose/?to=/r/depression_help) if you have any questions or concerns.*",1612069083,glg7c41,/r/depression_help/comments/l9503k/boyfriend_issues/glg7c41/,depression_help,1612087083.0,"{'author': 'AutoModerator', 'body': ""Hi u/Annual-Difficulty-86,\n\nThank you for submitting a post to r/depression_help! Please remember that this is not a crisis service; if you are in urgent need of assistance then please contact the appropriate helpline.\n\n**Suicidal?** Please submit another post over at r/SuicideWatch. We will try our best to help you here, but r/SuicideWatch may be a better option.\n\nIf you're posting about **depression, anxiety, PTSD, or anything alike**, our wholesome community will respond as soon as they can.\n\n**Other difficulties** with your life or looking for inspiration/motivation? Please post over at r/overcoming or take a look at r/inspiration.\n\nIf you wish to speak to people in a safe, well-moderated online community, take a look at this [Discord server](https://discord.gg/JTGxsjb). It offers **1:1 support**, off-topic channels to **talk with AMAZING people**, and chats for **mental health**.\n\n*I am a bot, and this action was performed automatically. Please [contact the moderators of this subreddit](/message/compose/?to=/r/depression_help) if you have any questions or concerns.*"", 'created_utc': 1612069083, 'id': 'glg7c41', 'permalink': '/r/depression_help/comments/l9503k/boyfriend_issues/glg7c41/', 'subreddit': 'depression_help', 'created': 1612087083.0}"
7,Thiuqi,"&gt;how my depression affects me: I feel frozen in time, dumb, and can’t get anything done. Depression somehow put a drain in my brain that all my motivation and energy leaks through. I have no achievements or good qualities or successes.

Mmmm pretty sure most them felt exactly like this too.

Not sure how old you are, but also consider they probably lived two, three, four times longer than you -- much more opportunity to achieve the things they did.

It seems like you might be comparing your one hour, day, week, month, even year of being worthless and unproductive to their entire lifetime.",1612069065,glg7b5b,/r/depressed/comments/l94vt3/hard_time_relating_to_famoussuccessful_depressed/glg7b5b/,depressed,1612087065.0,"{'author': 'Thiuqi', 'body': '&gt;how my depression affects me: I feel frozen in time, dumb, and can’t get anything done. Depression somehow put a drain in my brain that all my motivation and energy leaks through. I have no achievements or good qualities or successes.\n\nMmmm pretty sure most them felt exactly like this too.\n\nNot sure how old you are, but also consider they probably lived two, three, four times longer than you -- much more opportunity to achieve the things they did.\n\nIt seems like you might be comparing your one hour, day, week, month, even year of being worthless and unproductive to their entire lifetime.', 'created_utc': 1612069065, 'id': 'glg7b5b', 'permalink': '/r/depressed/comments/l94vt3/hard_time_relating_to_famoussuccessful_depressed/glg7b5b/', 'subreddit': 'depressed', 'created': 1612087065.0}"
8,childrep,"Thank you so much!

As someone who has struggled with serious depression for a while now, it’s something I’ve been considering trying. Before I pull the trigger though, I want to learn as much as I can about both and try to figure out which if either would be best to try.

I also want to hear people’s personal experiences to maybe get a better grasp of what I should/could expect. I understand though that each person’s trip is pretty unique so I won’t really be able to know until I’m actually at the wheel.",1612069063,glg7b0j,/r/science/comments/l8w1ht/neuroscience_study_indicates_that_lsd_frees_brain/glg7b0j/,science,1612087063.0,"{'author': 'childrep', 'body': 'Thank you so much!\n\nAs someone who has struggled with serious depression for a while now, it’s something I’ve been considering trying. Before I pull the trigger though, I want to learn as much as I can about both and try to figure out which if either would be best to try.\n\nI also want to hear people’s personal experiences to maybe get a better grasp of what I should/could expect. I understand though that each person’s trip is pretty unique so I won’t really be able to know until I’m actually at the wheel.', 'created_utc': 1612069063, 'id': 'glg7b0j', 'permalink': '/r/science/comments/l8w1ht/neuroscience_study_indicates_that_lsd_frees_brain/glg7b0j/', 'subreddit': 'science', 'created': 1612087063.0}"
9,MamaOnica,"Everything.

Edit: I just realized I sound so edgy. I have depression and anxiety and they manifest themselves as anger",1612069038,glg79ht,/r/AskReddit/comments/l8x7s3/what_makes_you_angry_instantly/glg79ht/,AskReddit,1612087038.0,"{'author': 'MamaOnica', 'body': 'Everything.\n\nEdit: I just realized I sound so edgy. I have depression and anxiety and they manifest themselves as anger', 'created_utc': 1612069038, 'id': 'glg79ht', 'permalink': '/r/AskReddit/comments/l8x7s3/what_makes_you_angry_instantly/glg79ht/', 'subreddit': 'AskReddit', 'created': 1612087038.0}"
