id,title
l7tzu0,Climate change By Tinylnd
l7tzyo,Dating someone with depression
l7u1mq,can someone saysomething encouraging to me please i need to get a lot of work done in the next few hours and i just feel so hopeless and pathetic and empty
l7u84p,I just need to write a bit
l7u8it,I feel like I am bad at therapy
l7uceu,I can't do it anymoreüòî
l7ucgr,I am going to feel like this forever
l7uhgf,I Just Hate Myself
l7ulkp,A question
l7uxhs,Dying seems like a hopeful dream. But i don't want to give up.
l7v049,I‚Äôm losing the only 2 things I loved in this world and I‚Äôm losing all drive and hope
l7v0bk,Help me
l7v1un,Rejection
l7v9w6,How do you deal with just waiting to die.
l7vej3,My teacher straight up told me to kill myself
l7vewn,I just want to lay in bed all day
l7vh1v,The cost of my happiness
l7vjce,26 [f4r] - online school blows..
l7vr7n,why can‚Äôt i get passed this?
l7vrzi,So yeah it's my birthday but I feel shitty for no reason
l7vspv,That's it. I'm done.
l7vx8q,can anyone remind me why it‚Äôs a good idea to talk about your feelings to someone?
l7w084,My Parents can Stand a Pig Compared to Me
l7w0dz,Poem (Railroad suicide)
l7w5wt,Spiraling future
l7waf3,How can I stop these bad thoughts? I can't see any happiness in my life.
l7wdhl,Heartbreak turned into depression
l7wdtv,FUCK FUT CHAMPS
l7wehy,I need help.
l7weop,How can I stop these thoughts?
l7wghs,I'm so unhappy XDDDDD
l7wgvp,Hi
l7wjjt,I am an imbecile
l7wld4,Fastest way to die
l7wrhx,I feel ...empty
l7x2um,I wish I can give my life to someone else.
l7x36w,I get nervous when things are going good.
l7x4yb,Being the ugly friend really sucks. I had two friends in highschool both them had glow ups in highschool and got popular dated a lot after highschool. Ten years later I‚Äôm still ugly disfigured the ugly friend while all my friends have relationships
l7x78u,Brain Dump Timeeeee
l7x82m,I think I'm suffering from depression
l7xa7r,Why
l7xdbl,"I did something disgusting with my cousin, and I want to kill myself."
l7xfru,Is it actually possible to love yourself?
l7xgrt,I've been crying for 3 hours
l7xhqd,I‚Äôm just wasted potential. I have nowhere to go in life. I need to drop out to save myself but don‚Äôt want to ruin my life.
l7xiwd,I just want to sleep and play games
l7xk8h,Ketamine and asking people for help
l7xm0d,Does anyone else disregard hygein during depression slumps?
l7xn89,I just found out my cat has cancer
l7xqv9,i was happy and now i‚Äôm worse than i was before.
l7y5l3,It's my birthday today.
l7ycli,How to overcome this bullshit
l7yd57,I just want to be happy for tonight
l7yeaa,in idk i just needed to get these feeling somewhere lol
l7yff0,What is the point of life?
l7yfgf,I may be more f**ked up than I thought...
l7yfr3,How do I escape this deathloop?
l7yh76,don‚Äôt enjoy anything i used to
l7yjk9,Struggling with pain
l7yk5p,Any reply is more than useful
l7yktj,I lost everyone I've met when I was in college. I'm living at family's home and somehow that makes me even more hostile and bitter towards my family.
l7ym30,Don't know what I'm doing
l7ypoy,I want to die...(in Minecraft) please help
l7yr2f,Call for Muslim Mental Health Stories
l7yro1,Imagine
l7ys4e,Big fucked
l7yuxo,I hate everything
l7yv8n,Very nervous about first job post-grad school
l7yw26,Fuck everything!!!!
l7yxm9,"As a psychologist, what will be your next level?"
l7yz6k,Need some love
l7z010,I can't think of anything I like about myself
l7z22y,I‚Äôm seriously considering doing it
l7z66d,Everyone I love is suicidal
l7zawo,I am stuck in the limbo of the past
l7zgsc,Am I depressed?
l7zgtx,i dont know what to do
l7zi23,I don't know
l7ziq5,It genuinely blows my mind that there are people out there who don‚Äôt suffer from depression
l7zr2n,I struggle holding a conversation about something unrelated to my mental health nowadays
l7zras,Doing nothing can be overwhelming too.
l7ztiq,Are there people here who have got depression caused by work overload?
l7zvl6,I hate it when people ask if my arm grew back yet
l7zykq,Fuck my life
l7zzof,My best friend just died.
l802kd,What do i do
l8033t,"If i've been using Pristiq and Carbolitium, does it mean i have depression?"
l806kz,waiting for my life to end...
l808e5,No point
l808n2,Does anyone else feel like suicide is inevitable even though they're not suicidal?
l808oc,Writing a letter to my current self has really helped me
l809ew,Single Dose Of Psilocybin Increases Brain Synapses To Produce Antidepressant Effect
l809np,Kicked out of my home. I don‚Äôt foresee the situation improving for a month.
l80bxl,Human Greed
l80cqr,Switching to a Maoi
l80ghp,I wish getting life was my choice.
l80i49,You will feel better
l80j8r,Why does society insist we stay alive?
l80kli,rip my mental health and rip my grades
l80mck,Alcohol after coffee makes me depressed. Anyone encountered this?
l80n1f,if depression ruin ur memory why dont i forget to be depressed then üôÑüôÑüôÑüôÑüôÑüôÑ
l80p6r,Idek - somewhere to vent I guess
l80sd0,I hate who I am
l80sia,I wrote my suicide note
l80t4d,I tried to overdose two days ago
l810sr,Does dettol kills human?
l812h9,Hay guys could to with some advice and how things work with this pandemic.. Please read it be much appreciated. Thank you
l814br,End your depression
l81dn8,Nights are hard
l81ebn,I suck at everything
l81el5,"Losing weight, losing faith, i guess this is my fate (lol that rhymed.. it wasnt on purpose)"
l81jj7,Anybody else not buying the BS?
l81qgn,Does my mother still love me?
l81qp6,I don‚Äôt really like the term ‚Äútoxic positivity‚Äù
l81qr7,I can feel myself slipping back into it.
l81qvb,Im cheering for all of you!
l81qw7,Am I the only one?
l81t87,I need a reason to keep going... I'm at the last straw
l81wzb,I was already in quarantine before COVID
l81xpf,üôÇ
l821bw,Life is always against me
l8254v,idfk
l82axe,i need to be there for someone i can‚Äôt be ~there~ for
l82kzj,Feels so trapped
l82l33,I‚Äôm thinking of ending my life because of my past mistakes
l82miw,It's 10 p.m and I want to die
l82ryy,I haven't felt anything for 5 years.
l82tvt,Love is false.
l82tzp,If anyone needs to talk feel free to add me and message me
l82wbc,lonely exhausted failure
l82wq6,You ever see someone attractive and be like
l82wt5,Why people respond with empty platitudes and generic remarks
l834i1,I dont know if i am just sad or depressed
l834ny,Is life even worth it
l836nk,what‚Äôs wrong with me...?
l837fc,i don't want to do this anymore
l837s0,if my boyfriend didnt exist in my life i would of already killed myself.
l838pn,its an endless cycle
l83fcx,Suicidal thoughts and possible repercussions.
l83i87,"Depression, Chronic Fatigue, and Stimulant Use"
l83im1,I...... im..... im fucking getting help.... i cant fucking believe this.
l83jjs,My life is fucking disintegrating and I started it.
l83to6,Anhedonia is getting crazy....
l83vlf,How can I cry??
l83wfb,Everyone around me is living while I‚Äôm just existing
l83xjh,Get out of bed coping mechanisms?
l83yod,Why is depression so hard to fight off? It feels easier to give up
l840iq,I am an imbecile
l840yc,cant even look at myself
l8427l,Tired of always feeling Tired.
l848bk,Was kind of Excited
l848sa,Help a FREE mental health center for young adults break the internet! üíôüíõ
l849p1,Post breakup depression: how do I get out of this headspace?
l84bq8,Why do I get so sentimental and nostalgic to the point of excess? :(
l84h42,I just wanted to tell about my life to someone
l84kjh,I'm lost
l84n7c,I have nothing to rely on
l84ose,Just want to kill myself
l84qiq,I have this feeling i forgot how to feel any kind of joy
l84s5r,I don‚Äôt know how many rejections I can take
l84sgu,My moms friend found a video that my dad is in. He passed away and I feel so bad I have no desire to see it ever ever ever. I feel so guilty.
l84u8m,Christian residential treatment center recommendations?
l84ue3,I wish I could bawl my eyes out
l84v3w,Future Father in Law
l852pm,"I didn't know I'am a victim of sexual assault or not, which I know I want to end my life"
l853o5,I can‚Äôt smile anymore
l85788,no title
l858wo,Am I really depressed?
l859v6,I really want to enjoy life but life sucks . How am I supposed to enjoy he depressed and being born disfigured and deformed and rejected by society
l85c5l,I am comfortable being alone and sad but I hate it
l85ch0,I wish I was never born. No career no relationships no sex life no independence from my parents. Meanwhile everyone else around me is going places in life getting married have good jobs. How am I not supposed to feel sad
l85dw9,Feeling More Suicidal
l85h7l,Was I ugly?? I was 14 in this.
l85koz,I feel like shit
l85ln7,"I have serious depression, mostly because of my neurological illness - and YouTube..."
l85mxv,I'm 20 and have nothing to live for
l85nkv,Everyday is the same
l85oc8,i dont know if i am depressed or nt
l85p5c,I don't feel like im a human {17}
l85r4k,Reasons
l85vu8,Our entire existence is a revolution.
l85wmg,Recently broke up with my girlfriend and I feel like I have nobody to talk to now.
l85xgc,Any men here having erectile disfunction while in antidepressants?
l85zf8,:(
l85zjp,Crush started talking bullshit behind my back while playing interested.
l862li,Birth Control and Depression
l8635o,Sharing New Mental Health Podcast
l864pm,I feel so lost
l86563,As I am typing this I'm on the verge of committing.
l865r6,I am such a horrible person... no this isn't a self hating thing just read more
l866iw,"Going through one of the lowest points i‚Äôve had in a long time, and i don‚Äôt know how to get out of it"
l86a6j,fml
l86apy,"fml, i just need support right now"
l86ds6,"Do you believe in ""mental illness""? My story."
l86ixn,How to help someone with depression?
l86jg2,Standard teen angst depression
l86kl9,;(
l86kn6,Hope
l86kni,I feel like the universe is playing torturing me
l86qop,"Everything is dark, I'm broken"
l86rkz,Feeling low again
l86s8u,any tips on how to change my mind about suicide
l86vpr,How can I support my partner through my depression?
l86vqp,I'm finally not depressed anymore
l874jx,"I respect everyone but no one respects me, predisposed to being hated by everyone for being who I am"
l8755z,I'm scared of happiness
l8765v,I don't matter...
l877sk,being alive should be this painful
l877zm,Feeling unmotivated
l8789u,No one cares about me.
l87dou,Oddly I either have been improving or I no longer care how I feel after I've been flying under the radar for a long while...
l87g2o,Nostalgia plagues me
l87gpj,"I have serious depression, and YouTube just made it much worse..."
l87h4v,I am an imbecile
l87iu0,A new idea to cope with my depression?
l87jpf,He moved on so quickly
l87l1n,I feel like my family hates me
l87oux,i am to the point where i dont care anymore
l87qcq,My girlfriend broke up with me
l87r1a,‚Äú...being hurt by her is better than being loved by anyone else‚Äù
l87s80,No one
l87ugj,I just want it to end
l87yy0,Feelings of inferiority towards pretty girls
l881bi,Going to the army to fight my depression
l881q8,"Wait, wait, wait, wait, wait, wait, wait, wait, wait"
l8830d,What is your experience like working with depression?
l8845q,My husband finally admitted to me what I already knew.
l8852f,i seek validation
l885vd,Has my constant job rejection given me depression?
l8869x,Been feeling bad for a couple of weeks
l8880v,Isolataion college student
l88bv5,No one wished me happy birthday today
l88dyd,BORED AND DEPRESSED... FEEL FREE TO INTERACT
l88egs,Went braindead playing ps4
l88f3d,Hmmph
l88gl7,Empty
l88h2h,More of a rant really of how life is unfair
l88i28,"If there‚Äôs no empathy, it‚Äôs harder to move on"
l88jy6,I want to end everything
l88nk4,Me sad
l88now,Passive Suicidal Ideation.
l88qjf,At what point do you go to the hospital?
l88qkd,I don‚Äôt wanna go downhill again TW
l88tn0,eyyy another episode let's go / vent
l88ygp,I hope this reaches and resonates with someone who needs it.
l893uu,I feel like ghosting my only friends I have left for selfish reasons
l8942y,I have no one lol
l894qp,I don't matter
l898sj,My parents think i am going to hell.
l89gj0,growing emptiness
l89gly,A life full of misery
l89j0r,Pls-
l89jas,Does anybody complete DTD tasks using alarms/timers?
l89md5,Why I don't talk about my issues
l89oz1,Depression
l89qae,I have finally found the thing that makes me happy!
l89r4k,Anxiety keeps my depression in check
l89uma,Hyper Fixated
l89v4g,How does nobody remember my birthday?
l89xij,Im so distant socially with mates
l89z8u,21 years of social deprivation
l89zld,Four days into Zoloft and I feel relieved that I‚Äôm at least doing something.
l89zrn,I am a joke
l89zum,Everything fucking sucks I really jsut wanna die I jsut wanna die.
l8a0m9,i can‚Äôt believe there are ppl out there who aren‚Äôt depressed.
l8a1jn,"I'm recovering from my depression, but my eating hasn't stopped"
l8a354,My brain makes fun of my weaknesses
l8a3mn,What I‚Äôm waiting for
l8a52e,My life in a nutshell
l8a6ip,Im more depressed than ever because of GME and all of it
l8ablg,I need help
l8ad4v,Sometimes I wish I could have been asked to a school dance...
l8ahd1,My son has hodgkins lymphoma and its eating at me
l8ahpr,"People don‚Äôt care about your depression unless your rich,attractive and popular."
l8ajs1,Progress post
l8aklv,Disconnecting with myself anytime a minor inconvenience happens.
l8akuy,I can't stand people anymore.
l8amp2,i don't remember being happy
l8and6,"‚ÄúIt‚Äôll get better‚Äù yeah well when, you fucking assholes"
l8ara4,Call tonight for emotional support 10pm-4am PST 1-844-467-3473
l8asat,I need social interaction
l8au6b,So I'm just casually haunting my own house...
l8avwl,It Hurts Too Much
l8axwr,Lmao life is a fucking joke
l8axzn,Wouldn‚Äôt it be nice to be a toad
l8azyq,I have no discipline and can't build any discipline
l8b1k5,I showered today!
l8b1nn,I have no idea how to actually make friends.
l8b22d,I suspect that my brother may have depression. How can I support him?
l8b2vj,I keep telling myself I'm going to kill myself but I don't have the guts to do it.
l8b7f3,Length of depressive episodes?
l8b8j6,Eh
l8bad0,The spiral never goes up
l8baqx,I haven't been able to do anything. Where do I start?
l8bato,Existence is exausting.
l8bd8n,"My classmates always laugh at me, not laugh with me. So painful :("
l8beg3,My depression is at a all time high
l8bgvg,Is anyone really listening?
l8bi1y,No one's a doctor but i need help understanding
l8bijh,Previous post (Eh)
l8binp,Losing interest in friends?
l8biz7,* spongebob vvvwop sound *
l8bjkk,SSRI Induced Anhedonia
l8bjqq,I Want to Put What I Can Fit Into the Car and Just Drive Away
l8bk9u,im just sad
l8bkb4,Help
l8blz9,"I‚Äôm tired, my friend"
l8bmf9,It gets better with time?
l8bpcs,Ough
l8bplb,Unlucky.
l8bq59,"My mom just said I'm unbearable, I hate myself and I'm feeling alone."
l8bryz,"I want help but I feel like no one knows how to help me, and I'm just as clueless as them."
l8bskz,I‚Äôve been feeling lonely again lately.
l8btqx,Something to get off my chest
l8buor,I'm so envious of happy families
l8bx49,My whole life just feels like I‚Äôm always mourning or longing for something but I‚Äôm never actually enjoying the pure moments. Everything feels dark
l8bxpj,Sigh
l8c05t,Is it the end of the world for me?
l8c34c,Can you guys please comfort me a little bit or give me attention?
l8c35h,Just feeling alone
l8c3uu,Forgot to take meds
l8c440,i can‚Äôt do this anymore
l8c52n,I shouldn‚Äôt care but I do
l8c67y,Storm By Tinylnd
l8c6uz,I gave up on my art career and I'm not ok
l8c8vi,"Whenever I have a good day, I convince myself that I don't have depression because of how I'm feeling that day"
l8cado,Poem (Rainy Days)
l8cbdv,Yo
l8cbmf,Looking for a friend.
l8ccc0,how to not hate yourself?
l8cdav,Hypothermia By Tinylnd
l8ceux,Out of options
l8chl4,I am not enough
l8ci9p,We‚Äôre all robots I guess
l8cio6,How much ibeprophen/ Tylenol would kill me? I‚Äôm done with this
l8civi,Military Situation
l8cl9o,Some mornings I jump out of bed and I have so much energy which makes me have a great day! Other mornings I wake up in such a medicine fog that I just lay there and usually end up calling in at to work.
l8cne4,Idk lol
l8coqt,My mom neglected me
l8cos6,To frick with legal safety
l8cp4v,Barged in By Tinylnd
l8cpq9,"Terrible childhood, terrible life"
l8cqvo,This is just life now.
l8crfy,The Polite Thing Always
l8crrg,Apparently i can't feel empathy.
l8crwp,Looking for new medication
l8csk1,It's finally going to end
l8ctp7,Married to technology
l8cxq8,Fuck this fucking monster
l8cyug,anyone else just tired of being tired
l8cz4h,At what point is it not fucking worth it anymore?
l8czsw,Can I chat with someone?
l8czyr,I need to get this off my chest
l8d079,Long rant ignore if you want to
l8d0wf,I hate myself
l8d136,Finally went to the doctor after 16 years
l8d166,"Attempted suicide when my(31)Boy friend (31) and I finally decided to end it. Moving forward, or at least trying."
l8d306,"I'm not going to be around for long, and I've just wasted some of my last few years in a pandemic"
l8d3uk,Which Antidepressants help with gain weight?
l8d5kv,Nothing makes me happy
l8d5m4,Parents
l8d6ci,Thank You
l8d7s0,Why do I get an urge to die when I don‚Äôt want to die?
l8d8mt,Constant rejection
l8daxa,I can survive all by myself!!
l8dcru,"My ex killed himself two days ago, I wish I could go back in time"
l8de7m,I dont enjoy anything anymore
l8df0w,What do you do to come out of depressive episodes?
l8dfjl,How to help a friend with depression?
l8dg0d,"Completely unsatisfied with my life, feel no reason to continue."
l8dg2m,Too much pills ?
l8dg8m,Thoughts of mine.
l8di2c,From 100 to 0 Real quick.
l8di96,Getting Treatment but still horribly depressed.
l8djod,Wookiee Diaries
l8dl7y,let's make stonks!!!!!
l8dnqr,Suicide by hanging.
l8do43,"I'm feeling really depressed, and suicidal üòî"
l8do4y,Trying my best to hang in there
l8dpq8,Help I'm stuck
l8dspc,When did you know you were ready to go off your meds?
l8dt7g,Yo estoy para escucharte
l8du3t,"im gonna rant, sorry in advance"
l8dx0s,I wish it was easier to seek out help
l8dxkw,I have a question
l8dy8s,Covid/isolation depression
l8dyb1,Why can't I love anyone.
l8e0i6,i can't stop obsessing over wanting a girlfriend
l8e1jt,Everyday
l8e2fr,I need someone to talk to please.
l8e3c1,Loneliness of withdrawl from Effexor
l8e3qk,Three of my friends have attempted suicide. Two succeeded.
l8e4nn,Depression consuming me and this battle is invisible to others
l8e4ut,I really hate that I‚Äôm back posting here.
l8e55g,I feel like I'm right on the edge again
l8e82o,Effexor causing Adderall to lose effectiveness?
l8ec07,Finding my will to live??
l8edgu,How to become a hermit?
l8eenh,what do i do somebody please
l8eeup,Having to decide on a career and then work for 40 years is one of the biggest sources of my depression
l8efcf,The only person I can be honest with is my dead friend
l8efmn,took antj depressant
l8ehp2,I have diabetes
l8eiwh,I had a suicide dream
l8ejs9,How to tell my mom I need to go to the dentist? (Pasted from my post on r/depression_support)
l8ek3z,I don't want to kill myself but am I even living a life
l8ekek,How can suicide *never* be the answer?
l8enjo,First time taking risperidone
l8ensm,Meds sometimes work
l8eocs,Any chance of ever being happy?
l8eomz,Open your eyes kid
l8eqc2,40 years with clinical depression
l8eqqi,I don't know if I am improving or my depression has kept me feeling like as if I'm actually dead
l8ew7h,Nothing changes and it kinda sucks (key word kinda)
l8ewy5,Can‚Äôt stop crying and feel like no one will ever love me
l8ezrx,Why is this happening?
l8f1yv,My depression always as a way to come back and I‚Äôm sick and tired of it.
l8f3ev,Just need to put this somewhere
l8f486,Feeling alone
l8f5r4,Existence is suffering
l8f5sn,We had to put my dog down a couple days ago
l8f7uu,I hate having to hide my feelings
l8fa0p,I don‚Äôt enjoy being alive.
l8fbhr,Hello brain
l8fcp8,I feel really helpless and useless for my mother and sister
l8feft,I wish I wasn‚Äôt ugly
l8feww,Why are people so cruel.
l8ff7s,someone please chat
l8fgky,How the hell do you accept that there's nothing you can do to get what you want or to make your life better and just be content?
l8fgsu,How do you guys handle being in a relationship while being depressed. I'm married and my husband thinks I bring my negative feelings onto myself...
l8fgxk,Why?
l8fi21,Life‚Äôs wierd
l8fi39,"I will never be successful in life, I will forever be a failiure"
l8fizt,Found something unsettling from my last job and now I feel depressed and sad even though I‚Äôm doing really well financially
l8fj15,How End of evangelion messed me up...
l8fk09,It's sad were all you trying to do is tell the world what you like to do in words and it's so hard to find a place.
l8fk2c,Excitement is so difficult
l8fk7t,"The only things I've been able to do everyday is crying, starving and pissing myself on the bed."
l8fllj,i don't think i ever enjoyed being alive
l8flyh,How to help?
l8fmnl,Strange Daydreaming
l8fmop,Best/easiest death
l8fneu,What do you do when you feel like the world is against you?
l8fnr6,The thought of suicide is beautiful
l8fo0u,Why is drawing so fucking hard.
l8frv7,nothing really matters
l8fsz7,Nobody else to talk to.
l8ftd9,No Passion
l8fu13,Depression makes me feel like I'll never be able to do anything
l8fuam,Worried about my teeth
l8fuoc,I am suffering from depression since the day I was born
l8fw15,I have been suffering from depression since the day I was born
l8fwcj,Joining this forum might‚Äôve been the best idea
l8fwtk,This guy at a gas station paid for my gas - and he had no idea how much I needed it
l8fx7x,I hope my mother gets COVID-19 and dies. My feelings seems to broken.
l8fxh3,How do I ever recover from this?
l8fxjo,How do you pick yourself up
l8fyki,Is it possible to overcome anxiety and depression at 27 years old? Is it possible to live without feeling the symptoms of these disorders going forward from this age?
l8fzbq,Please help me
l8fzdx,Please help me
l8fzpr,The real question
l8g147,Am I lazy because I‚Äôm depressed of depressed because I‚Äôm lazy?
l8g2nz,Some ppl have a gf others have a bf and I have depression üôÉ
l8g4hi,I am hoping for recommendations in the question below. I‚Äôd really like to know.
l8g4jn,Starting a new natural depression med
l8g53b,Please help me I don't see way out
l8g5fo,Please help me I don't see way out
l8g60g,I just let a loved one slip through my fingers
l8g6df,Ptsd? Or just anxiety and depression?
l8gbpp,There is nobody at my college that seems like they aren‚Äôt living the best years of their life
l8gbt2,I fix my severe depression and permanent headache in few days by myself
l8ge8l,I feel like a ghost (24M) like I threw my life away
l8gfmy,I don't want to go back to therapy.
l8gg9r,How to get to a better point
l8ggqo,If anything happened to me no one would know for weeks
l8gil1,I'm going to bed. I hope I don't wake up.
l8gj06,I lost so many years doing nothing..spirituality ruined my life.
l8gj5v,Done with it
l8gjht,Sometimes life sucks so much I just start laughing
l8gm9x,Anyone else's depression destroyed their ability to concentrate on and enjoy 'entertaining' things?
l8gmgw,i dont care about anything anymore
l8gmmz,How Do I Stop Being Dependent?
l8gnan,Nausea
l8gncs,Effexor compared to Lexapro
l8go7s,I am so alone
l8gpus,What is the point to living? Why do people get up in the morning? What drives people?
l8gqjl,I've started to freewrite to try and help my depression. not sure if im allowed but I would like to post some here to see what you think.
l8grka,Can low dose antidepressants cause weight gain?
l8gs6m,What Will Happen During Depression
l8guoh,Sick of being sick.
l8gxt6,Help me understand?!
l8gzjv,What's the point of anything
l8h1b1,Vent. I‚Äôm just tired of everything
l8h2ms,All I know how to do is self sabotage and self destruct.
l8h6xn,"How do you navigate being open about your conditon with your friends but also avoid being put into a box of a ""depressed person""?"
l8h7c7,Chronic Illness... what‚Äôs the point of living if I can‚Äôt ever feel good or be in control of my body
l8haf6,"Cries for help, always unheard"
l8hav3,I'll always have a shitty life full of poverty and bad luck so I don't see why I shouldn't quit
l8hbc8,No matter what I do I just end up in the same place
l8hdzs,I feel empty inside
l8hh7h,"Haha, funny (TW)"
l8hisj,I will never be good enough no matter what I do
l8hk5m,"I think there's an understood ""rule"" what you can't say"
l8hkgq,Why Do I Get So Angry?
l8hl2h,The worst feeling is you feel like you‚Äôre annoying the only person you want to talk to
l8hlmb,In a way I feel defeated
l8hmch,I wish I could be selfish and just do it
l8hngb,I‚Äôm a kid and need advice/help
l8hpef,I want to turn back time a fix something that shouldn't have happened like... My birth.
l8hrtx,will it rlly get better? I'm trying my best only to fail every time
l8ht5k,My gf of over 5 years just left me in the most painful way imaginable
l8hvr2,Is this depression? Someone help.
l8hze9,Late Night Group Chat about struggles
l8hzku,Lsd helps
l8hzxw,"I just want help, I just want relief or know how to work towards a better life."
l8i11r,How the YouTube algorithm worsened my depression
l8i22u,I‚Äôm losing grip on life..
l8i4et,Feeling shittier than ever before
l8i4r9,I can't tell if each day gets worse anymore.
l8i8g0,i need help
l8i8ze,One last chance.
l8ibxo,I have a baby by a 40 year old pedophile and i hate my life .
l8idjy,Feel like shit majority of days.. am i depressed?
l8if6a,I love too hard and it drives people away
l8igzo,Is it normal to talk more than listen in psychotherapy?
l8ijti,Depressed update
l8ikny,"My girlfriend is very sad, sometimes depressed"
l8imth,My motivation for pretty much anything is gone
l8io51,Life feels like a horrible fever dream that I can never wake up from
l8iqgt,Thoughts on antidepressants?
l8ir9k,Disappointment and depression
l8ir9m,[32m]I feel like im never good enough for women
l8irag,Disappointment and depression
l8irv7,I don‚Äôt know how to structure this but I‚Äôll try my best
l8isss,Just a ramble/rant
l8iu7j,(M22) Am I doing wrong in my life?
l8iutx,I don‚Äôt deserve it
l8iww4,I don't know
l8ix6y,Antidepressants
l8ixd3,Living with depression since youth
l8iz4e,My dad single handedly ruined my life even before I was born
l8izwu,Fuck you
l8j00q,Feeling nostalgic for my past emotions
l8j18h,Well I‚Äôm alone again I always was though
l8j1g6,I don‚Äôt know if I will ever be happy.
l8j451,Feeling the most alone in the world
l8j57g,America is only gonna get worse
l8j89w,Tell me about some good hanging techniques
l8jas3,Wasted potential
l8jbm1,I‚Äôm feeling very numb Rn
l8jebn,Why do we have to live as life was a precious gift while it's only a struggle
l8jevm,I want heroin
l8jjbf,Anyone else just feel like they don‚Äôt deserve to live and that their a waste of space?
l8jpgo,"I feel so much safer in my bed alone, even when I want to be out of the house"
l8jr5x,I hate who I am
l8jroa,What small changes you would suggest to someone who might be suffering from Depression that will help them?
l8jsjb,It hurts so bad I want to kill myself
l8jv6k,Depression makes me wanna give up everything and be a monk
l8jxn1,My depression these days
l8jytd,I've had enough.
l8jz9l,Unable to get over first love
l8k102,What's the point in waking up? I have nothing to look forward to
l8k1am,Do you personally think money would solve your own depression?
l8k56z,"Long term depression/Bipolar. Self medicating with drugs, but recently lost access. Having a major crisis"
l8k728,Need someone to talk to desperately
l8k827,At the lowest point of my life
l8kbyt,"depression will never leave me and I‚Äôll forever be suicidal, I just know it. Some days are just more tolerable than others but it‚Äôll be around, it‚Äôs not going nowhere."
l8kd95,Feeling like a fake
l8ki49,My heart is still torn and I'm finally admitting it years later... its killing me
l8kktn,January 30 My birthday is sad and hopeless
l8kku2,Left out
l8kmt0,I hate how my life went and cant enjoy anything
l8kn8b,Humans are so evil.
l8kq7v,Haven‚Äôt gotten a single message from any of my ‚Äúfriends‚Äù this month
l8kqme,Don't know if my meds are helping me for the better or worse (40mg Fluoxitine)
l8kv3f,Random vent thought
l8kxc4,An important message
l8l72l,Eating feels impossible
l8la4h,Losing until there is nothing left to lose.
l8lbgt,How do you get rid of something that's bothering you on the back of your mind?
l8lbw7,Sick of this shit. I will try anything. No matter how hard.
l8le3y,Please tell me it's not what I think.
l8lfeu,"too many regrets, does anyone have any advice?"
l8lhq8,Help
l8lidw,Inability to connect with people
l8lj2q,Fuck all of you.
l8lkdq,i'm not depressed it's just my reality hurts so much
l8llot,I don't want to do anything
l8ln1l,"Mental Health Really Bad Right Now, Should I Take Time Off Work?"
l8lnv7,Netflix is my only coping mechanism
l8lpet,Please read my last post
l8lrty,How do I sell myself
l8lryo,I don't know how to deal with nice people
l8ltlg,is love worth the pain.
l8lwc3,it hurts so much and i don‚Äôt believe it gets better anymore.
l8ly53,im not like i used to be
l8lztj,"Almost 25, still in college, GF dumped me, I cannot finish/pay for college. What do I do?"
l8m2cy,Can be depressive disorder cured?
l8m2jp,Can someone please help me get through ladt year of highschool...
l8m7ij,Can be major depressive disorder cured and not recur?
l8m7ks,Can be major depressive disorder cured and not recur?
l8m8qp,Can I talk to someone?
l8mahl,Overthinking
l8mdoz,"Can anyone suggest how to stop overthinking. I‚Äôm so tired of creating scenarios that will actually not happen, making it a big deal and worrying every second of my life. Pls help?"
l8mh5w,"So much medication for ""fake"" illnesses"
l8mhv2,Bipolar disorder is such a bitch
l8mmom,I am lost
l8muj5,I feel pathetic
l8muon,I need serious help.
l8myen,I‚Äôve fucked my life up.
l8mysf,I feel my [Sense the Future] was broken.
l8mztx,I'm a little envious of people who can at least use sleep as an escape.
l8n3x6,I deleted my social media
l8n5qo,sisjjehe
l8n6mv,Please help idk where else to go
l8nahf,I feel all alone.
l8naxy,I'm empty im scared of being alone
l8nc3z,I‚Äôm scared
l8nd8r,Is this considered suicidal ideation
l8ngma,Anyone else just lie there and listen to the static in your head?
l8nmg2,Losing my passion is the thing I hate the most about depression
l8nmxg,Worst I have ever felt in my life
l8nuf7,What do people in depression really want?
l8nukr,idk whats happening
l8nvaw,"sometimes i feel like im ""not depressed enough"""
l8nvzv,I try to reach out but no one cares
l8nw37,Unlucky.
l8nydv,Anyone online right now to talk to. I don‚Äôt think I can keep doing this
l8nyub,Why do parents never try to understand.
l8o10l,Fired from a new job in a new state one week in
l8o430,Anyone feeling like venting about how much they hate themselves?
l8o72s,How to small talk when depressed?
l8o960,"My wife refuses to leave me even though I'm hopeless, I don't want to drag her down."
l8o9om,How can people just know what they want in life? And be happy??
l8oam0,Anyone ever feel like driving until you're out of gas and just dying there?
l8oamv,I no longer want to be alive
l8obvq,"My life is cursed, no one wants me around"
l8ocps,I think my boyfriend is in trouble. Please tell me how can I help him.
l8oe8n,I'm so sad
l8oejk,"I feel like my life is cursed, no one wants me around"
l8ogzg,I feel like there is no direction in my life
l8ohom,i dont know who i am anymore
l8oir4,It was my birthday and i didnt feel special.
l8oqlf,Misktakes
l8othh,"It‚Äôs not the end, I promise‚ù§Ô∏è"
l8otrm,"So I‚Äôm 3 weeks in on Zoloft, got bumped to 50mg a week ago"
l8ouw1,I need help. But I feel too weak to even know what I need help with. I wish I could sleep and never wake up
l8oy24,I‚Äôve never genuinely cared about my future.
l8ozxw,No Balance in My Life
l8p01t,My last post
l8p300,I can‚Äôt get shit done because of my shit family
l8p31q,Im just meh
l8p6br,I laid down on my bathroom floor and now I can‚Äôt get up...
l8p6oq,I just want to dissapear
l8pgh8,Called in sick for the 3rd time
l8pkk4,How can I try to feel better if people near me just try everything to make me feel like shit about anything i do??
l8pmhu,Random thought that hit me: Sometimes doing what can make you feel better needs to be done in steps. Details in text box
l8pmo2,My life in a nutshell;
l8poo2,"Do you guys know of physical health issues (vitamin deficiencies, thyroid issues, allergies, etc.) that could cause or contribute to depression?"
l8pop1,You know those stupid depression questionnaires they give u at the doctors?
l8pq5m,I feel like living is a chore.
l8pqob,I'm Skipping Graduation
l8prxy,I'm struggling so much right now
l8pseh,I get pretty hurt here on reddit.
l8pu9m,I don't know what to do anymore
l8puuk,how much weight can a ceiling fan hold
l8pywg,Summer Seasonal Affective Disorder?
l8q3up,Numbing by brain out
l8q3xf,I am really.. really struggling.
l8q92i,I'm in love with a girl who is very distant to me and has already a bf
l8qitb,"I can't stop crying, I mis life."
l8qk6u,I hate happy vibes.
l8qlp3,Anybody else often not brush their teeth until it becomes painful mostly when biting down? Or if seeing a significant other/around others
l8qmkq,I got called lazy and my bf thinks I should want to live for him
l8qn95,Run ¬´chlorine¬ª
l8qoob,I don't think I can get out of bed today.
l8qs2x,I've been depressed for so long that I can now cry on command
l8qsim,I lost all my money investing in DOGE and I was already poor now I don't know how I'm gonna survive..
l8qt2k,I feel like the worst person on Earth.
l8r0j0,"Don't listen, you might hear the truth"
l8r6cg,I feel like I'm drowning
l8r6rc,I was so stupid and now I don't know what to do
l8r9em,SAD light - game changer
l8rcyi,I am an imbecile
l8rib5,I have 30 days to get over Hashimoto's Disease
l8rizf,triggered af... why am I like this?!
l8rkrx,Feeling empty
l8roou,I don't know
l8rqdu,serotonin rush then crash(?)
l8rv91,I have to get ready for work within the next hour and I have no idea how I‚Äôm going to do it
l8rw23,Everything is falling into pieces
l8rxxn,SOMEONE PLEASE HELP
l8rzc0,Help (19M)
l8rzk2,Crying and mental strength
l8rzlx,how to build endurance ?
l8s4w1,Anyone want to talk?
l8s4wr,Best way to help friend after breakup who struggled with depression in the past
l8s67r,My depression is making any attempt at progress impossible due to inconsistency [seeking advice?]
l8seo0,AIs from AI Dungeon 2 to sexy to funny and one based wholly on Reddit!
l8sgly,DAE use self pitying on reddit as a coping mechanism?
l8si3u,I‚Äôm just not good enough
l8sivo,Many pandemic-depressives didn't have empathy for mental health sufferers until it affected them.
l8sjo5,Depression killed my brain
l8sket,close friends just makes you feel worse.
l8sltr,I feel like a loser
l8snd7,No ones nice
l8sox1,Am I depressed?
l8sruu,Lied about having covid symptoms now feel like a bad person
l8ssxz,People always say to do what you love but...
l8sw5n,Don't mind me
l8sxsg,Trouble finding my purpose
l8syoo,I‚Äôm Feeling So Depressed
l8sz2j,I don‚Äôt feel the same anymore...
l8t218,"""You have no reason to be depressed"" is the biggest shit I have ever heard."
l8t2lu,My former crush is haunting me in my dreams again
l8t73n,Hey i knpw this is wierd but im a 10 year old and my family hates me if i wasnt theyre brother and son and i feel like running away for 1-2 days would help me can i run away?
l8t8i0,i hate my life i cant go back
l8t8rj,I will not give in to this madness
l8t940,How do you talk yourself out of suicide.
l8t9ac,It's never too late to remove a pos from your life guys
l8t9q9,Schizophrenic failure
l8ta0s,Is it possible to force yourself to be interested in something you‚Äôre not naturally interested in
l8tdkr,Anyone else just get lonely and how can I not
l8tdwr,Seeking advice on how to help freind with depression.
l8th9i,Do you ever just look at your friends or family and feel envy
l8tlhn,"Kind of weird question, but I'm not sure if this counts as self harm"
l8topd,Potty training and sleep training has spiraled me into depression.
l8tp1x,When‚Äôs the last time you felt completely happy?
l8tptp,My professor asked how our day was
l8tukn,The only reason I‚Äôm still here is my kids.
l8tupr,It doesn't really get better does it?
l8u23k,I don't want to be alive anymore
l8u2p6,Lent ‚Ç¨31.000 to my own father. Now I am rock bottom.
l8u2pq,Too apathetic to keep up with or understand pop culture
l8u35o,I‚Äôm in a never ending state of a numbing free fall through my life
l8u4yk,Is therapy absolutely necessary?
l8u5qd,I can't bring myself to do anything.
l8ua8d,"the worst part of having a mental illness, is people expect to act as if you don't :)"
l8uay2,I am really tired of thinking all day.
l8ub4w,"the worst part about having a mental illness is, people expect you to behave as if you don't :)"
l8udop,Afterlife
l8ufct,I dont know anymore
l8ugem,I‚Äôm lost
l8unov,Has depression meds ever actually... helped you?
l8uny2,Struggling to pay rent every month and I hate asking my landlord for more time to pay it
l8upav,I feel like I've been stuck since 2018
l8usm0,I‚Äôm exhausted
l8utot,A little rant
l8uux5,L-Phenylalanine helps me with depression mood energy anxiety drive
l8uv4q,St John‚Äôs Wort - products and results
l8uw3r,Im not afraid of death anymore (trigger warning)
l8uwlm,"I've been depressed for 12 years, anhedonic. My biggest problem nowadays is the lack of any interests whatsoever. I feel like I wouldn't even be depressed anymore if so many years of anhedonia hadn't left me without interests. I can't find one, can you help me find an interest?"
l8uxzx,I'm not old but I'm too old for this shit
l8uy1m,Rant
l8uygp,"This is so damn boring, what am I even meant to do to fill up my time?"
l8uyqu,I realize it‚Äôs not that bad
l8uzg6,I ran away
l8uzi1,Would this kill me?
l8v1f4,Really been struggling lately..
l8v1yj,Kill me
l8v22g,Lost the only person I every cared about
l8v3as,Might have depression
l8v3tv,Have been fed up for a while.
l8v6wi,I found the money I stored away for the ring
l8v8cl,I want to be deaf
l8v9dn,I'm sure this has been posted before but how on EARTH do y'all workout when depressed
l8vcf7,"I don't want to be dead, I want to be not alive"
l8vf7f,Sometimes it feels like i'm braindead or in coma
l8vf8m,Finally seeking help
l8vgtd,I am an imbecile
l8vk9e,Can you give me advice? Please?
l8vmfc,I'm tired. I just want to dissapear into the soil.
l8vmww,"I'm suicidal but too much of a coward to kill myself, so I befriended 3 guys who were arrested on suspicion of murdering their friend back in 2014."
l8vo6e,It's okay to feel lost
l8vpt5,what should I do
l8vs0l,The nicest thing your psychiatrist has said to you...
l8vvpb,I‚Äôm done
l8vvpe,How many co codamol does it take to kill myself
l8vvpy,I‚Äôm so lonely
l8vw1r,I got a lot on my mind.
l8w33p,Happiness?
l8w3j4,This is How You Love Yourself
l8w6dw,i feel like my emotions aren't valid
l8w6xj,Depression has literally altered my mindset
l8w767,I keep lying to my loved ones about being okay
l8w80t,Please say It will be ok
l8waw0,Question about Seroquel
l8wnnn,"My wife is pregnant, and I'm scared. I definitely want a kid, I think. How do I not fuck up? I kind of feel like I finally have a purpose in life."
l8wr9r,Mother
l8wscc,fuck my arm hurts
l8wusy,i dont want to try anymore
l8wv64,It's okay if you scroll. I just need to vent and calm down.
l8ww94,"Today is my birthday, and I broke my 2 years self harm free strike."
l8wyql,"[Mentally Perma-Fucked] - I'm sorry if I'm being too dark, this is who I am! (If this is not the place for this kind of mental release, please point me a direction!)"
l8x3hv,Bad thoughts
l8x4yh,Anyone else feel trapped
l8x6t8,.
l8x7pv,Depression and S/Os
l8x88q,I don't get why I'm not getting better
l8xa0f,i hate my room
l8xb3z,Everything's been so dark
l8xdnb,Nothing
l8xfx3,(NY State/City) Would voluntarily going into a mental hospital effect my future?
l8xgfp,Has anyone wasted years away due to mental illness and then suddenly turned their lifes around? How did you do it?
l8xi3r,FUCK MY BRAINNN
l8xk7y,Two wheel therapy
l8xl21,"I would really appreciate some advice, please"
l8xnma,Work Sucks - I Know
l8xp0q,Any success stories?
l8xrwk,"I don't want to commit suicide, I just want to stop existing"
l8xsxm,Friendly reminder to stay hydrated
l8xwts,DAE
l8xxqc,Yelling the depression out of someone???
l8xyqx,I‚Äôm depressed because I feel like no woman will ever want me because of my genetics disorder
l8y3g3,I'm not going to lie
l8y4l9,I don't want to live like this anymore
l8y5xp,Desire To Be Understood
l8y7bm,I'm the bottom of the barrel
l8y7v2,Unlucky.
l8y807,I'm living a vicious cycle and I don't know how to break free
l8ybnt,i can never make it through the day so i just go to sleep
l8yc0u,OCD and Depression really suck.
l8ye9y,my passion became twisted against me and now actively makes me miserable
l8yfst,Bitches really make me laugh when they think I need them when I've had to keep myself alive so many times
l8yglj,I just cried for 4h to the first two The Hunger Games movies because of how fucked reality is
l8yhso,How to help people with depression
l8yjm3,Stupid mistakes crush me and I don't deserve my partner who forgives me so easily
l8ykkn,What is this hell? This contradiction of emotions. DON‚ÄôT MEAN TO BE NEGATIVE. This is life after all. Personal Rant.
l8ykn8,Remind me of depression.
l8ynpc,I seriously can't seem to do anything no matter how hard I try
l8yr3p,"I'm seeing a therapist, and I'm feeling like I'm using it as an excuse."
l8ytvj,I'm 22 and feel I was struck by depression.
l8ytv9,...
l8yv8e,Today is my birthday. My fiance spent literally the entire day playing Mario Kart by himself in the other room and is now asleep. Happy Birthday to me.
l8yy1d,I made a promise to not kill myself. I just chained myself. I don't know what I did that.
l8yyjj,I have issues
l8z06m,I miss arousal
l8z0bb,Don‚Äôt Know What To Do
l8z2cz,I need therapy but I can‚Äôt pay
l8z2hk,Does anyone else think it‚Äôs bull sh!t that ‚Äúyou have to love yourself before anyone else can love you‚Äù?
l8z4qn,Haven't felt happy in such a long time
l8z71o,**mention of suicide**
l8zabw,I made a serious sandwich for the first time in my life.
l8zaey,Not quite sure
l8zamb,Depression and masturbation
l8zaos,I admire people who live their lives.
l8zbhp,Teeth
l8zd80,A Continuous Cycle
l8zd9z,it is what it is?
l8zex3,i feel like fainting
l8zfl2,What is the point of anything if its already done by someone
l8zgdj,I wish I was never born
l8zhi9,i cant do anything
l8ziyd,A terribly written rant
l8zlhy,I'm 16 years old in secondary school and know nobody.
l8zm1c,Passing of a family member
l8zoxx,How do I tell my doctor I‚Äôm having suicidal thoughts without being locked up in a hospital?
l8zqfw,i made a new instagram for free therapy talks
l8zt0n,Is it okay to be suicidal at 15 yo ?
l8ztgh,"I feel very empty, like there‚Äôs no point to anything anymore. No joy. Feel invisible. Why am I here."
l8ztnn,My depressed partner made it seemed like he doesn‚Äôt want to talk to me or has no interest in my life.
l8zubf,Three days ago my mum would have turned 48.
l8zukf,How can I get out of my burnout?
l8zvor,GF just prescribed Buproprion XL 150mg (Cipla). Some questions:
l8zvpg,Really wanting to end my life.
l8zw1f,i made an instagram
l8zwli,Does anyone else struggle to figure out if their depression is chemical or situational?
l8zxg4,Chemical Imbalance
l8zxhx,Why is it that everyday I wake up with a new problem or struggle?
l901ya,My parents don't know how to handle me
l9021o,Trintellix (Vortioxetine) and Modafinil
l903yp,I feel like I dont want anymore
l9090a,Depressed and lack energy due to a situation i just went through with someone i thought was my best friend and who was all i had left in my life. Everyone says she scammed me but i feel like it was all my fault she stopped being my friend. Was i really so wrong to be upset with her?
l90bcs,I want to go back
l90bi0,Starting fluoxetine/Prozac
l90bpe,How do I make a exit bag?
l90fdi,Toxic friendships...
l90fld,My depression/addiction/other poor choices finally caused my girlfriend to leave me.
l90lfd,17 and can't remember my childhood
l90o12,What are your thoughts on joining a Meetup depression/ anxiety group?
l90oay,I let my worst self take over
l90olw,Existing not living
l90rki,Does anyone else feel fucking stupid???
l90trr,Hesperidin
l90xn3,I've waited too long to date and now I'm 35
l91393,I just don't want to go outside ever again
l913zj,I want to give up
l91502,"I need serious help guys, this is my final resolution"
l9168m,Flower By Tinylnd
l9171p,Did you ever have the realization...
l918es,Everyday is getting harder
l91926,LIFE
l91df5,does anyone else just not care
l91dw7,My brother is suffering
l91egb,Keeping my brain busy and less occupied with defeating thoughts
l91f2w,"I tried to OD last night, Now I'm looking for activities to get better."
l91h7r,Trigger Songs
l91hkd,does anyone else just not care
l91kcx,Death awaits me tonight
l91pa1,Anyone finds strange comfort in sadness?
l91pi5,Im so..so tired..
l91prx,It's been five years and I still can't move on from her
l91pux,Done with my unhappy life
l91qhm,A single book passage that describes how i feel
l91rk4,I feel like a house that never became a home
l91uwv,life is hard
l91xaw,I hope everyone here escapes depression eventually üíû
l91ysf,I know im depressed but my mind thinks im lying to myself
l91zyx,room is my WRLD by Tinlnd
l924aj,I don't know why but I feel it crawling back up on me.
l924yy,I feel like I don‚Äôt even exist
l9292h,It's like I don't have a voice. .
l92dhk,Recurring Fantasy
l92dim,Some of you I think should hear this
l92gd7,Where am I going and what do I want to do?
l92h5f,dad alcholic abuse and xanax addiction
l92hai,"As someone who suffers from loneliness and a savior complex in order to feel wanted, how can I help myself and yet at the same time find someone to help me?"
l92he8,I think Depression is a luxury [and my solution]
l92hf5,My only friend left me and I need help figuring some things out
l92oa8,My girlfriend is depressed and I don't know how to help her
l92pg2,Alone
l92pmc,My Mom is mad at me for having depression.
l92q5h,My mom says I'm lazy even though depression drains all my energy.
l92qcd,the art of friendship: is it you or the depression
l92qw4,idc abt other ppl anymroe
l92uau,I just jogged 10k straight. I'm not okay.
l92v5m,I‚Äôm writing how I feel...
l92z9e,Since pandemic this group has gotten bigger.......
l92zb4,Without
l92zii,They‚Äôll never understand
l930ha,please
l930i1,"Im only human, and I've been broken for a long time... please someone... read this through"
l933xi,i feel so unloved
l9343i,Tired with this fight.
l9350y,"I feel lost, desperate... I don‚Äôt know what to do with my life"
l935o9,How to tell between depression and execution dysfunction (adhd)?
l935uw,Another day and night
l935vu,I need help so freaking bad.
l936ac,Gun fight By Tinlnd
l937h0,"""Do you find that your depression worsens when you're around happy people?"" UPDATE post"
l9390p,Winter Depression
l93941,Jesus fucking Christ...I am so extremely lonely
l939gt,"Why am I alive, Happiness is a lie, Sadness is the truth..."
l93a9n,I can't do anything!!
l93b05,I cry everyday
l93b3h,"Money isn‚Äôt everything? Sounds like someone trying to appease those who are less fortunate. Also, god isn‚Äôt real."
l93btk,Anyone ever gone off of Paxil? How long do the withdrawals last?
l93c7u,I try to be okay but I‚Äôm really not...
l93ca5,How?
l93d2w,I‚Äôm stuck..
l93fk2,Is depression permanent?
l93goy,What are best ways to stop overthinking?
l93io1,Bored in life I talk to people but it doesn‚Äôt make me feel better. I feel the feeling I‚Äôm missing out in life all the time. I support a family financially and it‚Äôs crippling me mentally. I have no where to go and no idea how to get a footing.
l93j9o,Depression/Anxiety/Identity Crisis: I Don't Know Who I Am Anymore
l93leh,"Work multiple jobs. My friends are childish, I feel like I‚Äôm missing out on life due to sheer boredom. Family I support financially who are self destructive. I can barely get anything for myself, my neck hurts like hell. Not even mid 20s"
l93nlt,tired of existing
l93ny2,I haven't felt joy in the last decade
l93oao,NDE's??
l93pmz,Internal hell By Tinylnd
l93q54,Can anyone share their experience with antidepressants?
l93sl5,What‚Äôs the point of my life.
l93stu,How sadness affects the body
l93t2y,Can't find anything to live for
l93th8,Idk how to say this
l93tha,Idk how to say this
l93ufd,I‚Äôm scared of falling asleep
l93wfk,I haven't felt any emotions since I moved in another city to stay with my mom. that was 13 months ago. (14/M)
l93ybu,Call Me Sir or Just a Superiority Complex
l9415f,Pickles and I Scream
l941yf,Worried as it‚Äôs now past my mental and affecting my physical
l94371,Questions for natural disaster survivors
l9441p,It shouldn't be this hard to talk to people.
l9444q,help
l945mf,Well......I am back!
l945nx,My heart feels real heavy
l946a1,I don't know if what I'm doing is worth it in the end
l9471m,My Nana died...6 years ago
l9471t,i thought i was doing better
l947x7,The simplest thing
l94dmy,title
l94dvd,"I need help, I need structure in my life..."
l94f0l,I lied to my therapists how can i tell the truth
l94fag,"11 months sober, but I‚Äôm going to start drinking again"
l94kci,I realized that I am everyone else‚Äôs therapist and no one actually cares enough to ask how I am doing
l94kx6,Loss
l94l6q,"Is anybody else unable to say ""no"" when you're asked if you're ok?"
l94nm1,What‚Äôs the prognosis like for people with treatment resistant depression?
l94o15,I‚Äôm thinking about jumping off of the roof of my apartment building
l94pbv,Little things make me depressed even to the point where I can't move...
l94pup,I'm scared going to sleep because I fear that tomorrow will be same as today
l94rbq,Sometimes I resent the people who love me
l94ttm,It's so dark and painful.
l94vu7,I am completely alone...
l94wyj,Do I have depression?
l94yfw,Anyone have moments where they feel like they ‚Äúwake up‚Äù from autopilot?
l94yqk,I‚Äôm so lonely
l94zfn,Beep Beep Depression Dash made a delivery!
l9519c,How to make friends when you have nothing to offer and nothing to say?
